"","FishID","Species","temp_bin","rate_ggd","rate_final","rep","mass","vol","trial","Method","lograte","lograte_ggd"
"1","Ito1","Ito",17,0.00342777034024599,2.38039606961527,1,5.5,350,1,"Intermittent",0.867266889642546,-5.67584527575168
"2","Ito1","Ito",17,0.00398335557856979,2.76621915178457,2,5.5,350,1,"Intermittent",1.0174814606841,-5.52563070471013
"3","Ito1","Ito",18,0.0070328299275051,4.88390967187854,3,5.5,350,1,"Intermittent",1.58594606137607,-4.95716610401816
"4","Ito1","Ito",18,0.00367953482027834,2.55523251408218,4,5.5,350,1,"Intermittent",0.938143223069764,-5.60496894232446
"5","Ito1","Ito",18,0.00380610452398391,2.6431281416555,5,5.5,350,1,"Intermittent",0.971963117857954,-5.57114904753627
"6","Ito1","Ito",18,0.00394898239409929,2.74234888479118,6,5.5,350,1,"Intermittent",1.00881481038792,-5.5342973550063
"7","Ito1","Ito",18,0.00392679259390235,2.72693930132108,7,5.5,350,1,"Intermittent",1.00317984520762,-5.53993232018661
"8","Ito1","Ito",19,0.00413750021470605,2.87326403799031,8,5.5,350,1,"Intermittent",1.05544867900797,-5.48766348638626
"9","Ito1","Ito",19,0.00616399040137411,4.28054888984313,9,5.5,350,1,"Intermittent",1.45408124666143,-5.08903091873279
"10","Ito1","Ito",19,0.00689316022127356,4.78691682032886,10,5.5,350,1,"Intermittent",1.56588653410082,-4.97722563129341
"11","Ito1","Ito",19,0.00433247255550784,3.00866149688044,11,5.5,350,1,"Intermittent",1.10149529443712,-5.44161687095711
"12","Ito1","Ito",20,0.00432479587764273,3.00333047058523,12,5.5,350,1,"Intermittent",1.09972182976142,-5.44339033563281
"13","Ito1","Ito",20,0.00456399504912983,3.16944100634016,14,5.5,350,1,"Intermittent",1.15355523364574,-5.38955693174849
"14","Ito1","Ito",20,0.00492563914218591,3.4205827376291,15,5.5,350,1,"Intermittent",1.22981092767922,-5.31330123771501
"15","Ito1","Ito",20,0.0049570715097628,3.44241077066861,16,5.5,350,1,"Intermittent",1.23617203136277,-5.30694013403145
"16","Ito1","Ito",21,0.0109231487534416,7.58551996766777,17,5.5,350,1,"Intermittent",2.02624116254949,-4.51687100284474
"17","Ito1","Ito",21,0.00493919745383817,3.42999823183206,18,5.5,350,1,"Intermittent",1.23255974567686,-5.31055241971737
"18","Ito1","Ito",21,0.00555371360731509,3.85674556063548,19,5.5,350,1,"Intermittent",1.34982370884565,-5.19328845654857
"19","Ito1","Ito",22,0.00577988916113063,4.01381191745183,20,5.5,350,1,"Intermittent",1.38974139263753,-5.1533707727567
"20","Ito1","Ito",22,0.00553278415721536,3.84221122028845,21,5.5,350,1,"Intermittent",1.34604803948498,-5.19706412590924
"21","Ito1","Ito",22,0.00560210341256408,3.89034959205839,22,5.5,350,1,"Intermittent",1.35849902301609,-5.18461314237814
"22","Ito1","Ito",22,0.00553423546944854,3.84321907600593,23,5.5,350,1,"Intermittent",1.34631031646478,-5.19680184892945
"23","Ito1","Ito",22,0.00548863371138448,3.81155118846144,24,5.5,350,1,"Intermittent",1.33803624236032,-5.2050759230339
"24","Ito1","Ito",22,0.00535908499835814,3.72158680441538,25,5.5,350,1,"Intermittent",1.31415013766078,-5.22896202773345
"25","Ito1","Ito",22,0.00569544570461492,3.95517062820481,26,5.5,350,1,"Intermittent",1.37502374269225,-5.16808842270198
"26","Ito1","Ito",21,0.00510327212104368,3.543938972947,27,5.5,350,1,"Intermittent",1.26523881277149,-5.27787335262274
"27","Ito1","Ito",21,0.00488580444062739,3.39291975043569,28,5.5,350,1,"Intermittent",1.22169083401508,-5.32142133137915
"28","Ito1","Ito",21,0.00543329288438708,3.77312005860214,29,5.5,350,1,"Intermittent",1.32790226093765,-5.21520990445658
"29","Ito1","Ito",21,0.00647487675869551,4.49644219353855,30,5.5,350,1,"Intermittent",1.50328646041046,-5.03982570498377
"30","Ito1","Ito",21,0.00492426421480711,3.41962792694938,31,5.5,350,1,"Intermittent",1.22953175186644,-5.31358041352779
"31","Ito1","Ito",21,0.00489206799868649,3.39726944353228,32,5.5,350,1,"Intermittent",1.22297200411721,-5.32014016127702
"32","Ito1","Ito",21,0.00506725666220417,3.51892823764179,33,5.5,350,1,"Intermittent",1.25815646530451,-5.28495570008972
"33","Ito1","Ito",21,0.00512714238803705,3.56051554724795,34,5.5,350,1,"Intermittent",1.2699053510217,-5.27320681437252
"34","Ito1","Ito",21,0.0123436778903231,8.5719985349466,35,5.5,350,1,"Intermittent",2.14850090669981,-4.39461125869441
"35","Ito1","Ito",21,0.0101497521028569,7.04843896031727,36,5.5,350,1,"Intermittent",1.95280616823778,-4.59030599715645
"36","Ito1","Ito",20,0.00467192684836698,3.24439364469929,38,5.5,350,1,"Intermittent",1.17692847435974,-5.36618369103449
"37","Ito1","Ito",20,0.00467238515749323,3.24471191492585,39,5.5,350,1,"Intermittent",1.17702656807201,-5.36608559732222
"38","Ito1","Ito",20,0.00524271267271206,3.64077268938338,40,5.5,350,1,"Intermittent",1.29219593642414,-5.25091622897009
"39","Ito1","Ito",20,0.00465760468817087,3.23444770011866,41,5.5,350,1,"Intermittent",1.17385818698446,-5.36925397840977
"40","Ito1","Ito",20,0.00441878744095584,3.06860238955267,42,5.5,350,1,"Intermittent",1.12122221023969,-5.42188995515453
"41","Ito1","Ito",20,0.00451247346485132,3.13366212836897,43,5.5,350,1,"Intermittent",1.14220232968844,-5.40090983570579
"42","Ito1","Ito",20,0.0051148062340549,3.55194877364924,44,5.5,350,1,"Intermittent",1.26749640319294,-5.27561576220129
"43","Ito1","Ito",20,0.00471412948041121,3.27370102806334,45,5.5,350,1,"Intermittent",1.18592115775526,-5.35719100763896
"44","Ito1","Ito",20,0.00447481573164263,3.10751092475182,46,5.5,350,1,"Intermittent",1.13382206000454,-5.40929010538969
"45","Ito1","Ito",20,0.00472852802546155,3.28370001768163,47,5.5,350,1,"Intermittent",1.18897084079226,-5.35414132460197
"46","Ito1","Ito",20,0.00500645431811863,3.47670438758238,48,5.5,350,1,"Intermittent",1.24608483002178,-5.29702733537245
"47","Ito1","Ito",20,0.00473479158352067,3.28804971077824,49,5.5,350,1,"Intermittent",1.19029459592948,-5.35281756946475
"48","Ito1","Ito",18,0.0043283477733713,3.00579706484118,50,5.5,350,1,"Intermittent",1.100542779019,-5.44256938637522
"49","Ito1","Ito",17,0.00296816267144906,2.06122407739518,51,5.5,350,1,"Intermittent",0.723300018655009,-5.81981214673922
"50","Ito1","Ito",17,0.00322580878526861,2.24014498976987,52,5.5,350,1,"Intermittent",0.806540591348042,-5.73657157404619
"51","Ito1","Ito",17,0.00346348025966804,2.40519462476947,53,5.5,350,1,"Intermittent",0.877630825343539,-5.66548134005069
"52","Ito1","Ito",17,0.00345228987850154,2.39742352673718,54,5.5,350,1,"Intermittent",0.874394630181095,-5.66871753521313
"53","Ito1","Ito",18,0.00408758271236952,2.83859910581216,55,5.5,350,1,"Intermittent",1.04331065787281,-5.49980150752142
"54","Ito1","Ito",18,0.00373884765970342,2.59642198590515,56,5.5,350,1,"Intermittent",0.954134337983396,-5.58897782741083
"55","Ito1","Ito",18,0.00395448210361464,2.74616812751017,57,5.5,350,1,"Intermittent",1.01020653180443,-5.53290563358979
"56","Ito1","Ito",19,0.00408414539392257,2.8362120791129,58,5.5,350,1,"Intermittent",1.04246938694334,-5.50064277845088
"57","Ito1","Ito",19,0.00459737523049333,3.19262168784259,59,5.5,350,1,"Intermittent",1.16084242498516,-5.38226974040907
"58","Ito1","Ito",19,0.0041420451135416,2.87642021773722,60,5.5,350,1,"Intermittent",1.05654654105519,-5.48656562433904
"59","Ito1","Ito",19,0.00464396999166437,3.22497916087803,61,5.5,350,1,"Intermittent",1.17092648848361,-5.37218567691062
"60","Ito1","Ito",20,0.00447443380737076,3.10724569956303,62,5.5,350,1,"Intermittent",1.13373670664157,-5.40937545875266
"61","Ito1","Ito",20,0.00452725393417355,3.14392634317607,63,5.5,350,1,"Intermittent",1.14547244654955,-5.39763971884468
"62","Ito2","Ito",17,0.00397619093816077,2.76124370705609,1,11.8,350,1,"Intermittent",1.01568119672962,-5.52743096866461
"63","Ito2","Ito",17,0.00382751235041749,2.65799468778992,2,11.8,350,1,"Intermittent",0.977571961714911,-5.56554020367932
"64","Ito2","Ito",18,0.00385684931313311,2.67836757856466,3,11.8,350,1,"Intermittent",0.985207496462523,-5.5579046689317
"65","Ito2","Ito",18,0.0038018425080413,2.64016840836202,4,11.8,350,1,"Intermittent",0.970842706169881,-5.57226945922435
"66","Ito2","Ito",18,0.00396159366302317,2.75110671043276,5,11.8,350,1,"Intermittent",1.01200327087853,-5.5311088945157
"67","Ito2","Ito",18,0.00409884365242696,2.84641920307428,6,11.8,350,1,"Intermittent",1.0460617843493,-5.49705038104493
"68","Ito2","Ito",18,0.00745125030022464,5.174479375156,7,11.8,350,1,"Intermittent",1.64373873025594,-4.89937343513829
"69","Ito2","Ito",19,0.00396280416876626,2.75194733942102,8,11.8,350,1,"Intermittent",1.01230878450321,-5.53080338089102
"70","Ito2","Ito",19,0.00407406388780307,2.82921103319657,9,11.8,350,1,"Intermittent",1.03999788593053,-5.5031142794637
"71","Ito2","Ito",19,0.00497581946020785,3.45543018069989,10,11.8,350,1,"Intermittent",1.23994695907819,-5.30316520631604
"72","Ito2","Ito",19,0.0042445137773675,2.94757901206076,11,11.8,350,1,"Intermittent",1.08098415953686,-5.46212800585737
"73","Ito2","Ito",20,0.00426605365897308,2.96253726317575,12,11.8,350,1,"Intermittent",1.08604608466932,-5.45706608072491
"74","Ito2","Ito",20,0.00449603194861095,3.1222444087576,13,11.8,350,1,"Intermittent",1.13855210498601,-5.40456006040822
"75","Ito2","Ito",20,0.00479251684790029,3.32813669993076,14,11.8,350,1,"Intermittent",1.20241259781573,-5.3406995675785
"76","Ito2","Ito",20,0.00467167989224877,3.24422214739498,15,11.8,350,1,"Intermittent",1.1768756133768,-5.36623655201743
"77","Ito2","Ito",20,0.00795485629247294,5.52420575866177,16,11.8,350,1,"Intermittent",1.70913948298184,-4.83397268241239
"78","Ito2","Ito",21,0.00774511837092225,5.37855442425156,17,11.8,350,1,"Intermittent",1.68241964369186,-4.86069252170237
"79","Ito2","Ito",21,0.00559632826444257,3.88633907252956,18,11.8,350,1,"Intermittent",1.35746760204572,-5.18564456334851
"80","Ito2","Ito",21,0.00572747232046563,3.97741133365669,19,11.8,350,1,"Intermittent",1.38063118900313,-5.1624809763911
"81","Ito2","Ito",22,0.00599454905081921,4.16288128529112,20,11.8,350,1,"Intermittent",1.42620745118147,-5.11690471421276
"82","Ito2","Ito",22,0.00596533669898889,4.1425949298534,21,11.8,350,1,"Intermittent",1.42132238613408,-5.12178977926015
"83","Ito2","Ito",22,0.00993476304623225,6.89914100432795,22,11.8,350,1,"Intermittent",1.93139691172704,-4.61171525366719
"84","Ito2","Ito",22,0.00579239459171804,4.02249624424864,23,11.8,350,1,"Intermittent",1.39190266619811,-5.15120949919612
"85","Ito2","Ito",22,0.00587777084971814,4.08178531230426,24,11.8,350,1,"Intermittent",1.40653446925254,-5.13657769614169
"86","Ito2","Ito",22,0.00587871433213556,4.08244050842747,25,11.8,350,1,"Intermittent",1.40669497341766,-5.13641719197657
"87","Ito2","Ito",22,0.00647989064759042,4.49992406082668,26,11.8,350,1,"Intermittent",1.50406052126203,-5.03905164413219
"88","Ito2","Ito",21,0.00573421910982805,3.98209660404726,27,11.8,350,1,"Intermittent",1.38180846553037,-5.16130369986386
"89","Ito2","Ito",21,0.00550326173466262,3.82170953796016,28,11.8,350,1,"Intermittent",1.34069784553614,-5.20241431985809
"90","Ito2","Ito",21,0.00597114000593383,4.14662500412071,29,11.8,350,1,"Intermittent",1.42229475135468,-5.12081741403955
"91","Ito2","Ito",21,0.0057002537428005,3.95850954361146,30,11.8,350,1,"Intermittent",1.37586757654256,-5.16724458885166
"92","Ito2","Ito",21,0.00520820095977695,3.61680622206732,31,11.8,350,1,"Intermittent",1.28559137732064,-5.25752078807359
"93","Ito2","Ito",21,0.00529856165318992,3.67955670360411,32,11.8,350,1,"Intermittent",1.30279228394769,-5.24031988144654
"94","Ito2","Ito",21,0.00513332761925392,3.56481084670411,33,11.8,350,1,"Intermittent",1.27111099403059,-5.27200117136364
"95","Ito2","Ito",21,0.00528902001968529,3.6729305692259,34,11.8,350,1,"Intermittent",1.30098986364386,-5.24212230175036
"96","Ito2","Ito",21,0.00523541953744211,3.63570801211258,35,11.8,350,1,"Intermittent",1.29080386839113,-5.2523082970031
"97","Ito2","Ito",21,0.00522456058886412,3.62816707560008,36,11.8,350,1,"Intermittent",1.2887275829015,-5.25438458249273
"98","Ito2","Ito",21,0.00513576643229522,3.56650446687168,37,11.8,350,1,"Intermittent",1.27158597518763,-5.2715261902066
"99","Ito2","Ito",20,0.00515196584738698,3.57775406068541,38,11.8,350,1,"Intermittent",1.2747352461912,-5.26837691920303
"100","Ito2","Ito",20,0.00866560117923527,6.01777859669116,39,11.8,350,1,"Intermittent",1.79471818735015,-4.74839397804408
"101","Ito2","Ito",20,0.0124787654762858,8.66580935853177,40,11.8,350,1,"Intermittent",2.15938532429104,-4.38372684110319
"102","Ito2","Ito",20,0.0056658077337867,3.93458870401854,41,11.8,350,1,"Intermittent",1.36980635392075,-5.17330581147348
"103","Ito2","Ito",20,0.00517108471750625,3.59103105382379,42,11.8,350,1,"Intermittent",1.27843936288792,-5.26467280250631
"104","Ito2","Ito",20,0.00509653180497407,3.53925819789866,43,11.8,350,1,"Intermittent",1.26391715657111,-5.27919500882312
"105","Ito2","Ito",20,0.00560642174615358,3.89334843482888,44,11.8,350,1,"Intermittent",1.35926956753324,-5.18384259786099
"106","Ito2","Ito",20,0.0058213577217777,4.04260952901229,45,11.8,350,1,"Intermittent",1.39689040647741,-5.14622175891681
"107","Ito2","Ito",20,0.00517323870566681,3.59252687893529,46,11.8,350,1,"Intermittent",1.27885582090138,-5.26425634449285
"108","Ito2","Ito",20,0.00535515279668082,3.71885610880612,47,11.8,350,1,"Intermittent",1.3134161233652,-5.22969604202903
"109","Ito2","Ito",20,0.00525576671485958,3.64983799643027,48,11.8,350,1,"Intermittent",1.29468278206972,-5.2484293833245
"110","Ito2","Ito",20,0.00518603802374482,3.60141529426724,49,11.8,350,1,"Intermittent",1.2813269055003,-5.26178525989393
"111","Ito2","Ito",18,0.00446468341017512,3.10047459039939,50,11.8,350,1,"Intermittent",1.13155519345068,-5.41155697194355
"112","Ito2","Ito",17,0.00352381782133452,2.44709570926008,51,11.8,350,1,"Intermittent",0.894901896593105,-5.64821026880112
"113","Ito2","Ito",17,0.00395648461672497,2.74755876161456,52,11.8,350,1,"Intermittent",1.01071279436978,-5.53239937102445
"114","Ito2","Ito",17,0.0038305030116652,2.66007153587861,53,11.8,350,1,"Intermittent",0.978353015619439,-5.56475914977479
"115","Ito2","Ito",17,0.00380981760470182,2.64570666993182,54,11.8,350,1,"Intermittent",0.972938201623088,-5.57017396377114
"116","Ito2","Ito",18,0.00394354288620659,2.73857144875457,55,11.8,350,1,"Intermittent",1.00743641537219,-5.53567575002203
"117","Ito2","Ito",18,0.00414379257891786,2.87763373535962,56,11.8,350,1,"Intermittent",1.05696833676662,-5.4861438286276
"118","Ito2","Ito",18,0.00460455022817069,3.19760432511854,57,11.8,350,1,"Intermittent",1.16240188102807,-5.38071028436616
"119","Ito2","Ito",19,0.00457386034727159,3.17629190782749,58,11.8,350,1,"Intermittent",1.15571444968641,-5.38739771570782
"120","Ito2","Ito",19,0.00504695447417123,3.50482949595225,59,11.8,350,1,"Intermittent",1.2541418733553,-5.28897029203893
"121","Ito2","Ito",19,0.00566616376488757,3.93483594783859,60,11.8,350,1,"Intermittent",1.36986919048913,-5.17324297490509
"122","Ito2","Ito",19,0.00506286906438227,3.51588129470991,61,11.8,350,1,"Intermittent",1.25729021779393,-5.2858219476003
"123","Ito2","Ito",20,0.00509697684385018,3.53956725267374,62,11.8,350,1,"Intermittent",1.26400447466574,-5.27910769072849
"124","Ito2","Ito",20,0.00495187636867115,3.43880303379941,63,11.8,350,1,"Intermittent",1.23512345554395,-5.30798870985028
"125","Ito3","Ito",17,0.00328377465962774,2.28039906918593,1,5.6,350,1,"Intermittent",0.824350457995031,-5.7187617073992
"126","Ito3","Ito",17,0.00355414976382325,2.46815955821059,2,5.6,350,1,"Intermittent",0.90347275476803,-5.6396394106262
"127","Ito3","Ito",18,0.00350114754098355,2.43135245901635,3,5.6,350,1,"Intermittent",0.888447670022655,-5.65466449537157
"128","Ito3","Ito",18,0.00354237149208109,2.45998020283409,4,5.6,350,1,"Intermittent",0.900153302283471,-5.64295886311076
"129","Ito3","Ito",18,0.00348445540427896,2.41976069741595,5,5.6,350,1,"Intermittent",0.883668649913803,-5.65944351548042
"130","Ito3","Ito",18,0.00361836760211168,2.51275527924422,6,5.6,350,1,"Intermittent",0.921379871903182,-5.62173229349105
"131","Ito3","Ito",18,0.00368776187829954,2.56094574881912,7,5.6,350,1,"Intermittent",0.940376623400323,-5.6027355419939
"132","Ito3","Ito",19,0.00781735898860795,5.42872151986663,8,5.6,350,1,"Intermittent",1.69170365868535,-4.85140850670888
"133","Ito3","Ito",19,0.00597349680466797,4.14826166990831,9,5.6,350,1,"Intermittent",1.4226893717692,-5.12042279362503
"134","Ito3","Ito",19,0.00383566546262854,2.66365657126982,10,5.6,350,1,"Intermittent",0.979699829679423,-5.5634123357148
"135","Ito3","Ito",19,0.00375850652959149,2.61007397888298,11,5.6,350,1,"Intermittent",0.959378565332516,-5.58373360006171
"136","Ito3","Ito",20,0.00409452486801891,2.84342004723536,12,5.6,350,1,"Intermittent",1.04500756963962,-5.49810459575461
"137","Ito3","Ito",20,0.00435465962767433,3.02406918588495,13,5.6,350,1,"Intermittent",1.10660333698578,-5.43650882840845
"138","Ito3","Ito",20,0.0056892803556543,3.95088913587104,14,5.6,350,1,"Intermittent",1.37394065127122,-5.16917151412301
"139","Ito3","Ito",20,0.00777988607946647,5.40269866629616,15,5.6,350,1,"Intermittent",1.68689858175309,-4.85621358364114
"140","Ito3","Ito",20,0.00479308141150312,3.32852875798827,16,5.6,350,1,"Intermittent",1.20253039194567,-5.34058177344856
"141","Ito3","Ito",21,0.00492680605723805,3.4213930953042,17,5.6,350,1,"Intermittent",1.23004780594324,-5.31306435945099
"142","Ito3","Ito",21,0.00500741594887473,3.47737218671856,18,5.6,350,1,"Intermittent",1.24627688978157,-5.29683527561265
"143","Ito3","Ito",21,0.00518675326479576,3.6019119894415,19,5.6,350,1,"Intermittent",1.28146481265223,-5.261647352742
"144","Ito3","Ito",22,0.00508731314253959,3.53285634898583,20,5.6,350,1,"Intermittent",1.26210670776714,-5.28100545762709
"145","Ito3","Ito",22,0.00530423589886079,3.68349715198666,21,5.6,350,1,"Intermittent",1.30386261395913,-5.2392495514351
"146","Ito3","Ito",22,0.00563395248680183,3.9124670047235,22,5.6,350,1,"Intermittent",1.3641681225332,-5.17894404286103
"147","Ito3","Ito",22,0.00513108780216726,3.56325541817171,23,5.6,350,1,"Intermittent",1.27067457032203,-5.2724375950722
"148","Ito3","Ito",22,0.0052215629341483,3.62608537093632,24,5.6,350,1,"Intermittent",1.2881536561637,-5.25495850923053
"149","Ito3","Ito",22,0.00532332870241733,3.69675604334537,25,5.6,350,1,"Intermittent",1.30745569004266,-5.23565647535157
"150","Ito3","Ito",22,0.00545030147263125,3.78493157821615,26,5.6,350,1,"Intermittent",1.33102780963649,-5.21208435575773
"151","Ito3","Ito",21,0.00560867046401778,3.89491004445679,27,5.6,350,1,"Intermittent",1.35967058392297,-5.18344158147126
"152","Ito3","Ito",21,0.00506131842178382,3.5148044595721,28,5.6,350,1,"Intermittent",1.256983893437,-5.28612827195723
"153","Ito3","Ito",21,0.00519793136982488,3.60967456237839,29,5.6,350,1,"Intermittent",1.28361761935548,-5.25949454603875
"154","Ito3","Ito",21,0.00599772853570426,4.16508926090574,30,5.6,350,1,"Intermittent",1.42673770657901,-5.11637445881521
"155","Ito3","Ito",21,0.00471093359266466,3.27148166157268,31,5.6,350,1,"Intermittent",1.18524298980153,-5.3578691755927
"156","Ito3","Ito",21,0.00490580022228395,3.40680570991941,32,5.6,350,1,"Intermittent",1.22577511031937,-5.31733705507485
"157","Ito3","Ito",21,0.00454393720477909,3.15551194776326,33,5.6,350,1,"Intermittent",1.14915074836465,-5.39396141702957
"158","Ito3","Ito",21,0.00428939149763817,2.97874409558206,35,5.6,350,1,"Intermittent",1.0915017672491,-5.45161039814513
"159","Ito3","Ito",21,0.00420525562656292,2.92031640733536,36,5.6,350,1,"Intermittent",1.07169196908631,-5.47142019630792
"160","Ito3","Ito",21,0.00444832314531811,3.0891132953598,37,5.6,350,1,"Intermittent",1.12788409029843,-5.41522807509579
"161","Ito3","Ito",20,0.00431118505140312,2.99387850791883,38,5.6,350,1,"Intermittent",1.09656970665668,-5.44654245873755
"162","Ito3","Ito",20,0.00628888441233676,4.36728084190053,39,5.6,350,1,"Intermittent",1.47414058246551,-5.06897158292872
"163","Ito3","Ito",20,0.00389406918588494,2.7042147124201,40,5.6,350,1,"Intermittent",0.994811560509074,-5.54830060488515
"164","Ito3","Ito",20,0.0042274242845234,2.9357113086968,41,5.6,350,1,"Intermittent",1.0769497778172,-5.46616238757703
"165","Ito3","Ito",20,0.00443571964434563,3.08036086412891,42,5.6,350,1,"Intermittent",1.12504675380057,-5.41806541159365
"166","Ito3","Ito",20,0.00467796193387052,3.24858467629897,43,5.6,350,1,"Intermittent",1.17821941727516,-5.36489274811907
"167","Ito3","Ito",20,0.0043433314809669,3.01620241733813,44,5.6,350,1,"Intermittent",1.10399856239566,-5.43911360299856
"168","Ito3","Ito",20,0.00441917754931924,3.06887329813836,45,5.6,350,1,"Intermittent",1.12131049037298,-5.42180167502125
"169","Ito3","Ito",20,0.00472421228118916,3.28070297304803,46,5.6,350,1,"Intermittent",1.1880577204838,-5.35505444491042
"170","Ito3","Ito",20,0.00463561267018615,3.21917546540705,47,5.6,350,1,"Intermittent",1.16912526012188,-5.37398690527235
"171","Ito3","Ito",20,0.00481858849680468,3.34624201166992,48,5.6,350,1,"Intermittent",1.20783792860114,-5.33527423679309
"172","Ito3","Ito",20,0.00475680883578774,3.30333946929704,49,5.6,350,1,"Intermittent",1.19493391717873,-5.34817824821549
"173","Ito3","Ito",18,0.00423488885801606,2.94089504028893,50,5.6,350,1,"Intermittent",1.07871397049194,-5.46439819490229
"174","Ito3","Ito",17,0.00303181717143646,2.10542859127532,52,5.6,350,1,"Intermittent",0.74451905271596,-5.79859311267827
"175","Ito3","Ito",17,0.00344251875520974,2.39063802445121,53,5.6,350,1,"Intermittent",0.871560286154376,-5.67155187923985
"176","Ito3","Ito",17,0.00374016393442622,2.59733606557377,54,5.6,350,1,"Intermittent",0.954486329612189,-5.58862583578204
"177","Ito3","Ito",18,0.00344116838010558,2.38970026396221,55,5.6,350,1,"Intermittent",0.871167945510491,-5.67194421988374
"178","Ito3","Ito",18,0.00373067379827722,2.59074569324807,56,5.6,350,1,"Intermittent",0.951945746723602,-5.59116641867063
"179","Ito3","Ito",18,0.00391162406223943,2.71640559877738,57,5.6,350,1,"Intermittent",0.999309535357341,-5.54380263003689
"180","Ito3","Ito",19,0.00430833425951651,2.99189879133091,58,5.6,350,1,"Intermittent",1.09590823311327,-5.44720393228096
"181","Ito3","Ito",19,0.00417333425951659,2.89814879133096,59,5.6,350,1,"Intermittent",1.0640721853448,-5.47903998004942
"182","Ito3","Ito",19,0.00414557654904133,2.87887260350092,60,5.6,350,1,"Intermittent",1.05739876039078,-5.48571340500345
"183","Ito3","Ito",19,0.00451344123367604,3.13433419005281,61,5.6,350,1,"Intermittent",1.14241677196067,-5.40069539343356
"184","Ito3","Ito",20,0.0063170172270075,4.38681751875521,62,5.6,350,1,"Intermittent",1.47860402541177,-5.06450813998246
"185","Ito3","Ito",20,0.00465346762989714,3.23157474298412,63,5.6,350,1,"Intermittent",1.17296955495484,-5.37014261043939
"186","Ito4","Ito",18,0.013436986908128,9.33124090842224,4,6.8,1350,2,"Intermittent",2.23336800798979,-4.30974415740444
"187","Ito4","Ito",19,0.00791017962505904,5.49318029517989,6,6.8,1350,2,"Intermittent",1.70350737653799,-4.83960478885623
"188","Ito4","Ito",19,0.00798858081493175,5.54762556592483,7,6.8,1350,2,"Intermittent",1.71337001025522,-4.82974215513901
"189","Ito4","Ito",20,0.0156367479528625,10.8588527450434,8,6.8,1350,2,"Intermittent",2.38498066850587,-4.15813149688835
"190","Ito4","Ito",20,0.00893285046499838,6.2033683784711,9,6.8,1350,2,"Intermittent",1.82509243137435,-4.71801973401988
"191","Ito4","Ito",21,0.0175232616903387,12.1689317294018,10,6.8,1350,2,"Intermittent",2.49888612413282,-4.04422604126141
"192","Ito4","Ito",21,0.0187394333393263,13.0134953745321,11,6.8,1350,2,"Intermittent",2.56598692473564,-3.97712524065859
"193","Ito4","Ito",22,0.00997494287628918,6.92704366408971,12,6.8,1350,2,"Intermittent",1.93543312248382,-4.60767904291041
"194","Ito4","Ito",20,0.0189927478221073,13.1894082097967,15,6.8,1350,2,"Intermittent",2.5794140991417,-3.96369806625253
"195","Ito4","Ito",20,0.00939134252978776,6.52176564568594,16,6.8,1350,2,"Intermittent",1.87514514383069,-4.66796702156354
"196","Ito4","Ito",21,0.00802670905316844,5.57410350914475,17,6.8,1350,2,"Intermittent",1.71813149888101,-4.82498066651322
"197","Ito4","Ito",21,0.00923704231567593,6.4146127192194,18,6.8,1350,2,"Intermittent",1.85857862511805,-4.68453354027618
"198","Ito4","Ito",21,0.0088431299543989,6.14106246833257,19,6.8,1350,2,"Intermittent",1.81499776763432,-4.7281143977599
"199","Ito4","Ito",21,0.0129659840151677,9.00415556608867,20,6.8,1350,2,"Intermittent",2.19768620033733,-4.3454259650569
"200","Ito4","Ito",22,0.0094298282202572,6.54849181962306,21,6.8,1350,2,"Intermittent",1.87923476658795,-4.66387739880627
"201","Ito4","Ito",22,0.00922250592484834,6.40451800336691,22,6.8,1350,2,"Intermittent",1.85700367933466,-4.68610848605956
"202","Ito4","Ito",22,0.00999758151774164,6.94276494287614,23,6.8,1350,2,"Intermittent",1.9377001019303,-4.60541206346393
"203","Ito4","Ito",22,0.00966252962424188,6.71009001683464,24,6.8,1350,2,"Intermittent",1.90361236621919,-4.63949979917504
"204","Ito4","Ito",23,0.0100291564650307,6.96469198960466,26,6.8,1350,2,"Intermittent",1.94085338365588,-4.60225878173835
"205","Ito4","Ito",23,0.0107563334586404,7.46967601294472,27,6.8,1350,2,"Intermittent",2.01085162644306,-4.53226053895117
"206","Ito4","Ito",23,0.0134794045731658,9.36069762025401,28,6.8,1350,2,"Intermittent",2.23651981979054,-4.30659234560368
"207","Ito4","Ito",23,0.0134998985012175,9.37492951473438,29,6.8,1350,2,"Intermittent",2.23803905339988,-4.30507311199435
"208","Ito4","Ito",23,0.0135019240638739,9.37633615546802,30,6.8,1350,2,"Intermittent",2.23818908495092,-4.3049230804433
"209","Ito4","Ito",23,0.0145267396172138,10.0880136230652,31,6.8,1350,2,"Intermittent",2.3113479490845,-4.23176421630973
"210","Ito4","Ito",23,0.0139344412663649,9.67669532386451,32,6.8,1350,2,"Intermittent",2.26972045083816,-4.27339171455607
"211","Ito4","Ito",23,0.0112275746530899,7.79692684242356,33,6.8,1350,2,"Intermittent",2.05372966149821,-4.48938250389601
"212","Ito4","Ito",23,0.0121021411176305,8.40426466502121,34,6.8,1350,2,"Intermittent",2.12873927523094,-4.41437289016328
"213","Ito4","Ito",24,0.011486489220862,7.97672862559861,35,6.8,1350,2,"Intermittent",2.07652838074377,-4.46658378465046
"214","Ito4","Ito",24,0.0102418405439419,7.11238926662635,36,6.8,1350,2,"Intermittent",1.96183823049137,-4.58127393490286
"215","Ito4","Ito",24,0.010936489384306,7.59478429465695,37,6.8,1350,2,"Intermittent",2.02746173467759,-4.51565043071663
"216","Ito4","Ito",24,0.0113081205563636,7.8528614974747,38,6.8,1350,2,"Intermittent",2.06087798734362,-4.4822341780506
"217","Ito4","Ito",24,0.0117707828972099,8.17415478972912,39,6.8,1350,2,"Intermittent",2.10097732180266,-4.44213484359157
"218","Ito4","Ito",24,0.0110696999166434,7.68729160878013,40,6.8,1350,2,"Intermittent",2.03956852496425,-4.50354364042997
"219","Ito4","Ito",24,0.0114127349100238,7.92551035418319,41,6.8,1350,2,"Intermittent",2.07008671569407,-4.47302544970016
"220","Ito4","Ito",24,0.0149935722341172,10.4122029403592,42,6.8,1350,2,"Intermittent",2.34297847794882,-4.2001336874454
"221","Ito4","Ito",24,0.0142952297206739,9.92724286157907,43,6.8,1350,2,"Intermittent",2.29528278205891,-4.24782938333531
"222","Ito4","Ito",19,0.0152422398378633,10.584888776294,46,6.8,1350,2,"Intermittent",2.35942739685982,-4.18368476853441
"223","Ito4","Ito",20,0.0199315365379271,13.8413448180049,48,6.8,1350,2,"Intermittent",2.62766011439992,-3.91545205099431
"224","Ito4","Ito",21,0.0145536676854683,10.1067136704641,50,6.8,1350,2,"Intermittent",2.31319992286676,-4.22991224252747
"225","Ito4","Ito",21,0.017609288527859,12.228672588791,51,6.8,1350,2,"Intermittent",2.50378340650603,-4.0393287588882
"226","Ito4","Ito",21,0.0145360333752838,10.0944676217249,52,6.8,1350,2,"Intermittent",2.31198751354651,-4.23112465184771
"227","Ito4","Ito",22,0.0191561034928001,13.3028496477778,53,6.8,1350,2,"Intermittent",2.58797827150889,-3.95513389388534
"228","Ito4","Ito",22,0.0116642621316379,8.10018203585967,54,6.8,1350,2,"Intermittent",2.09188653498879,-4.45122563040544
"229","Ito4","Ito",19,0.00972448801137556,6.75311667456636,56,6.8,1350,2,"Intermittent",1.91000412788553,-4.6331080375087
"230","Ito4","Ito",17,0.0124734148374547,8.66209363712134,65,6.8,1350,2,"Intermittent",2.15895645283806,-4.38415571255616
"231","Ito4","Ito",19,0.00842252782635681,5.84897765719223,69,6.8,1350,2,"Intermittent",1.76626688651723,-4.776845278877
"232","Ito4","Ito",19,0.0126212809113642,8.76477841066958,70,6.8,1350,2,"Intermittent",2.17074123689784,-4.37237092849638
"233","Ito4","Ito",20,0.0118248773352074,8.2117203716718,72,6.8,1350,2,"Intermittent",2.1055624473923,-4.43754971800193
"234","Ito4","Ito",20,0.010098025595345,7.01251777454512,73,6.8,1350,2,"Intermittent",1.94769680554009,-4.59541535985413
"235","Ito4","Ito",21,0.0100241521337626,6.96121675955737,79,6.8,1350,2,"Intermittent",1.94035428084227,-4.60275788455196
"236","Ito4","Ito",22,0.00964251229916796,6.69618909664442,80,6.8,1350,2,"Intermittent",1.90153857302803,-4.64157359236619
"237","Ito4","Ito",22,0.00806388408544835,5.59991950378358,81,6.8,1350,2,"Intermittent",1.72275222331343,-4.8203599420808
"238","Ito4","Ito",22,0.0161556494451074,11.2192010035468,82,6.8,1350,2,"Intermittent",2.41762668575377,-4.12548547964045
"239","Ito4","Ito",22,0.0172936582057107,12.0094848650769,83,6.8,1350,2,"Intermittent",2.48569674300521,-4.05741542238902
"240","Ito4","Ito",22,0.00889615203569596,6.17788335812219,84,6.8,1350,2,"Intermittent",1.8209757141178,-4.72213645127643
"241","Ito4","Ito",22,0.00853846150074373,5.92948715329426,85,6.8,1350,2,"Intermittent",1.77993772584549,-4.76317443954874
"242","Ito4","Ito",22,0.00879749521926023,6.10937168004182,86,6.8,1350,2,"Intermittent",1.80982393320528,-4.73328823218895
"243","Ito4","Ito",23,0.0100669272510338,6.99092170210683,87,6.8,1350,2,"Intermittent",1.94461240765406,-4.59849975774017
"244","Ito4","Ito",23,0.00854287007828972,5.93254866547897,88,6.8,1350,2,"Intermittent",1.78045391249329,-4.76265825290094
"245","Ito4","Ito",23,0.0120493573378223,8.36760926237658,89,6.8,1350,2,"Intermittent",2.12436821196569,-4.41874395342853
"246","Ito4","Ito",23,0.0134150631711424,9.31601609107114,90,6.8,1350,2,"Intermittent",2.23173507927169,-4.31137708612254
"247","Ito4","Ito",23,0.00993681463805279,6.90056572086999,91,6.8,1350,2,"Intermittent",1.93160339677422,-4.61150876862001
"248","Ito4","Ito",23,0.00857623228674633,5.95571686579606,92,6.8,1350,2,"Intermittent",1.78435157604844,-4.75876058934579
"249","Ito4","Ito",23,0.00911944053086602,6.33294481310141,93,6.8,1350,2,"Intermittent",1.84576534331685,-4.69734682207737
"250","Ito5","Ito",20,0.00794611806582908,5.51813754571464,1,14.8,1350,2,"Intermittent",1.70804040221778,-4.83507176317645
"251","Ito5","Ito",19,0.00725228073864358,5.03630606850249,2,14.8,1350,2,"Intermittent",1.6166728904478,-4.92643927494643
"252","Ito5","Ito",18,0.00819854696875245,5.69343539496698,3,14.8,1350,2,"Intermittent",1.73931382604808,-4.80379833934614
"253","Ito5","Ito",18,0.00705684131477954,4.90058424637468,4,14.8,1350,2,"Intermittent",1.58935443196279,-4.95375773343143
"254","Ito5","Ito",18,0.00703406742113049,4.88476904245173,5,14.8,1350,2,"Intermittent",1.58612200545214,-4.95699015994209
"255","Ito5","Ito",19,0.00675437553975196,4.69053856927219,6,14.8,1350,2,"Intermittent",1.54554740939884,-4.99756475599539
"256","Ito5","Ito",19,0.00653200160705302,4.53611222712015,7,14.8,1350,2,"Intermittent",1.51207030754799,-5.03104185784624
"257","Ito5","Ito",20,0.00807460443216205,5.60736418900142,8,14.8,1350,2,"Intermittent",1.72408076759176,-4.81903139780246
"258","Ito5","Ito",20,0.00796325323100257,5.530036965974,9,14.8,1350,2,"Intermittent",1.7101945001365,-4.83291766525773
"259","Ito5","Ito",21,0.00819279875040363,5.68944357666919,10,14.8,1350,2,"Intermittent",1.73861245366745,-4.80449971172678
"260","Ito5","Ito",21,0.0085174362247771,5.91488626720632,11,14.8,1350,2,"Intermittent",1.77747226938519,-4.76563989600904
"261","Ito5","Ito",22,0.0090861813717024,6.30984817479333,12,14.8,1350,2,"Intermittent",1.84211161521663,-4.70100055017759
"262","Ito5","Ito",20,0.00723443388929359,5.02391242312055,14,14.8,1350,2,"Intermittent",1.61420899731025,-4.92890316808398
"263","Ito5","Ito",20,0.00555469499785982,3.8574270818471,15,14.8,1350,2,"Intermittent",1.35000040212048,-5.19311176327375
"264","Ito5","Ito",20,0.00572111960529571,3.9729997258998,16,14.8,1350,2,"Intermittent",1.37952140784172,-5.16359075755251
"265","Ito5","Ito",21,0.00578177699511127,4.01512291327172,17,14.8,1350,2,"Intermittent",1.39006796044738,-5.15304420494685
"266","Ito5","Ito",21,0.0061919260605423,4.29994865315438,18,14.8,1350,2,"Intermittent",1.45860308150133,-5.0845090838929
"267","Ito5","Ito",21,0.00634247463634801,4.40449627524167,19,14.8,1350,2,"Intermittent",1.48262589989626,-5.06048626549796
"268","Ito5","Ito",21,0.00656074269879758,4.55607131860943,20,14.8,1350,2,"Intermittent",1.51646069923973,-5.0266514661545
"269","Ito5","Ito",22,0.0067782443321342,4.70711411953764,21,14.8,1350,2,"Intermittent",1.54907500676875,-4.99403715862547
"270","Ito5","Ito",22,0.00654634478045702,4.54607276420626,22,14.8,1350,2,"Intermittent",1.51426373150689,-5.02884843388734
"271","Ito5","Ito",22,0.00728720800823051,5.06056111682674,23,14.8,1350,2,"Intermittent",1.62147736980474,-4.92163479558948
"272","Ito5","Ito",22,0.00682231400614287,4.73771805982144,24,14.8,1350,2,"Intermittent",1.55555559780762,-4.98755656758661
"273","Ito5","Ito",23,0.00683714988397678,4.74802075276165,25,14.8,1350,2,"Intermittent",1.55772784758068,-4.98538431781355
"274","Ito5","Ito",23,0.00773496684514469,5.3715047535727,26,14.8,1350,2,"Intermittent",1.68110808408594,-4.86200408130829
"275","Ito5","Ito",23,0.00746282976502484,5.18252067015614,27,14.8,1350,2,"Intermittent",1.64529155377255,-4.89782061162168
"276","Ito5","Ito",23,0.00775128083626837,5.38283391407526,28,14.8,1350,2,"Intermittent",1.68321498531782,-4.85989718007641
"277","Ito5","Ito",23,0.0079289281557189,5.50620010813812,29,14.8,1350,2,"Intermittent",1.70587474971022,-4.837237415684
"278","Ito5","Ito",23,0.00911979476280942,6.33319080750654,30,14.8,1350,2,"Intermittent",1.8458041861672,-4.69730797922703
"279","Ito5","Ito",23,0.00746025675300193,5.18073385625134,31,14.8,1350,2,"Intermittent",1.64494671732798,-4.89816544806625
"280","Ito5","Ito",23,0.0131448614855477,9.12837603163038,32,14.8,1350,2,"Intermittent",2.21138780711337,-4.33172435828086
"281","Ito5","Ito",23,0.0134154657074412,9.31629563016752,33,14.8,1350,2,"Intermittent",2.23176508511322,-4.31134708028101
"282","Ito5","Ito",23,0.00846307450267724,5.87713507130364,34,14.8,1350,2,"Intermittent",1.77106941040259,-4.77204275499164
"283","Ito5","Ito",24,0.0155590037022295,10.8048636821038,35,14.8,1350,2,"Intermittent",2.37999637369267,-4.16311579170156
"284","Ito5","Ito",24,0.0109966701711436,7.6365765077386,36,14.8,1350,2,"Intermittent",2.0329494016698,-4.51016276372443
"285","Ito5","Ito",24,0.00974459872487099,6.76708244782708,37,14.8,1350,2,"Intermittent",1.91207004098362,-4.63104212441061
"286","Ito5","Ito",24,0.0123743265021064,8.59328229312947,38,14.8,1350,2,"Intermittent",2.15098076931359,-4.39213139608063
"287","Ito5","Ito",24,0.00791551564623803,5.49688586544308,39,14.8,1350,2,"Intermittent",1.70418172560004,-4.83893043979419
"288","Ito5","Ito",24,0.00937227841066965,6.50852667407614,40,14.8,1350,2,"Intermittent",1.87311311326063,-4.6699990521336
"289","Ito5","Ito",24,0.00940627501633332,6.53213542800925,41,14.8,1350,2,"Intermittent",1.87673390790145,-4.66637825749278
"290","Ito5","Ito",24,0.0103726873831319,7.20325512717495,42,14.8,1350,2,"Intermittent",1.97453302485167,-4.56857914054256
"291","Ito5","Ito",24,0.00969209833061737,6.73062384070651,43,14.8,1350,2,"Intermittent",1.90666783485941,-4.63644433053482
"292","Ito5","Ito",21,0.0180785299219753,12.5545346680384,44,14.8,1350,2,"Intermittent",2.53008192844505,-4.01303023694917
"293","Ito5","Ito",19,0.0089326765693173,6.20324761758146,45,14.8,1350,2,"Intermittent",1.82507296419818,-4.71803920119605
"294","Ito5","Ito",19,0.0079683992550483,5.53361059378354,46,14.8,1350,2,"Intermittent",1.71084051274934,-4.83227165264489
"295","Ito5","Ito",20,0.00843920571029482,5.86055952103807,47,14.8,1350,2,"Intermittent",1.76824508043668,-4.77486708495755
"296","Ito5","Ito",20,0.00722594842411179,5.01801973896652,48,14.8,1350,2,"Intermittent",1.61303538156872,-4.93007678382551
"297","Ito5","Ito",20,0.00780038704444932,5.41693544753425,49,14.8,1350,2,"Intermittent",1.6895302399598,-4.85358192543443
"298","Ito5","Ito",21,0.00799303447654374,5.55071838648871,50,14.8,1350,2,"Intermittent",1.71392735838881,-4.82918480700542
"299","Ito5","Ito",21,0.00801044336640062,5.56280789333376,51,14.8,1350,2,"Intermittent",1.71610299757108,-4.82700916782315
"300","Ito5","Ito",21,0.00883605175611836,6.13614705285997,52,14.8,1350,2,"Intermittent",1.81419702936774,-4.72891513602649
"301","Ito5","Ito",22,0.00919386466210581,6.38462823757348,53,14.8,1350,2,"Intermittent",1.85389326344695,-4.68921890194728
"302","Ito5","Ito",22,0.00985501926210733,6.84376337646342,54,14.8,1350,2,"Intermittent",1.9233377815666,-4.61977438382763
"303","Ito5","Ito",20,0.010643674819582,7.39144084693194,55,14.8,1350,2,"Intermittent",2.00032268847668,-4.54278947691755
"304","Ito5","Ito",19,0.00969155088125077,6.73024366753526,56,14.8,1350,2,"Intermittent",1.90661134917287,-4.63650081622136
"305","Ito5","Ito",14,0.00689906640733538,4.79101833842735,59,14.8,1350,2,"Intermittent",1.56674298557626,-4.97636917981797
"306","Ito5","Ito",14,0.00542440204861706,3.76694586709518,60,14.8,1350,2,"Intermittent",1.32626455831071,-5.21684760708352
"307","Ito5","Ito",15,0.00581254364951223,4.0364886454946,61,14.8,1350,2,"Intermittent",1.39537516689087,-5.14773699850336
"308","Ito5","Ito",16,0.00640099697363377,4.44513678724567,63,14.8,1350,2,"Intermittent",1.491810641776,-5.05130152361823
"309","Ito5","Ito",17,0.00732706232211644,5.08823772369198,64,14.8,1350,2,"Intermittent",1.6269315473701,-4.91618061802413
"310","Ito5","Ito",17,0.00827338329716219,5.74540506747374,65,14.8,1350,2,"Intermittent",1.74840041664349,-4.79471174875074
"311","Ito5","Ito",18,0.00871413478218418,6.0514824876279,67,14.8,1350,2,"Intermittent",1.80030328130287,-4.74280888409136
"312","Ito5","Ito",18,0.0114551042707058,7.9549335213235,68,14.8,1350,2,"Intermittent",2.07379230491303,-4.46931986048119
"313","Ito5","Ito",19,0.0101108423511035,7.02141829937745,69,14.8,1350,2,"Intermittent",1.94896523457936,-4.59414693081487
"314","Ito5","Ito",19,0.00880320479412446,6.11333666258643,70,14.8,1350,2,"Intermittent",1.8104727227489,-4.73263944264533
"315","Ito5","Ito",19,0.00751204546307903,5.21669823824933,71,14.8,1350,2,"Intermittent",1.65186468036031,-4.89124748503391
"316","Ito5","Ito",20,0.00948149455929953,6.58437122173578,72,14.8,1350,2,"Intermittent",1.8846988441875,-4.65841332120673
"317","Ito5","Ito",20,0.00981527443809461,6.81616280423237,73,14.8,1350,2,"Intermittent",1.91929667483923,-4.623815490555
"318","Ito5","Ito",20,0.00956821053896347,6.64459065205797,74,14.8,1350,2,"Intermittent",1.8938030878686,-4.64930907752563
"319","Ito5","Ito",21,0.0109303740528525,7.59053753670315,75,14.8,1350,2,"Intermittent",2.02690241059982,-4.51620975479441
"320","Ito5","Ito",21,0.00910413771092569,6.3223178548095,78,14.8,1350,2,"Intermittent",1.84408589010144,-4.69902627529278
"321","Ito5","Ito",21,0.0103103876452166,7.15999142028934,79,14.8,1350,2,"Intermittent",1.96850878268822,-4.574603382706
"322","Ito5","Ito",22,0.0106155359221405,7.37189994593088,80,14.8,1350,2,"Intermittent",1.99767546754115,-4.54543669785308
"323","Ito5","Ito",22,0.0104401878900295,7.25013047918718,81,14.8,1350,2,"Intermittent",1.9810194658339,-4.56209269956033
"324","Ito5","Ito",22,0.00930861004933797,6.46431253426248,82,14.8,1350,2,"Intermittent",1.8662966700287,-4.67681549536553
"325","Ito5","Ito",22,0.00764841510029063,5.31139937520182,83,14.8,1350,2,"Intermittent",1.66985533635394,-4.87325682904029
"326","Ito5","Ito",22,0.0071520427596254,4.96669636085097,84,14.8,1350,2,"Intermittent",1.60275490296026,-4.94035726243397
"327","Ito5","Ito",22,0.00743633321568297,5.16412028866873,85,14.8,1350,2,"Intermittent",1.64173476641348,-4.90137739898075
"328","Ito5","Ito",22,0.00719523651464744,4.99669202406072,86,14.8,1350,2,"Intermittent",1.60877609829557,-4.93433606709866
"329","Ito5","Ito",23,0.00741602284418339,5.15001586401624,87,14.8,1350,2,"Intermittent",1.6389997950624,-4.90411237033182
"330","Ito5","Ito",23,0.00730040153796477,5.06972329025332,88,14.8,1350,2,"Intermittent",1.62328623825436,-4.91982592713987
"331","Ito5","Ito",23,0.00763763034776924,5.30390996372864,89,14.8,1350,2,"Intermittent",1.6684442775752,-4.87466788781903
"332","Ito5","Ito",23,0.00775500349196092,5.38541909163953,90,14.8,1350,2,"Intermittent",1.68369513332559,-4.85941703206864
"333","Ito5","Ito",23,0.00787883653867814,5.47141426297093,91,14.8,1350,2,"Intermittent",1.69953713200506,-4.84357503338917
"334","Ito5","Ito",23,0.00750804908270317,5.21392297409942,92,14.8,1350,2,"Intermittent",1.65133254250219,-4.89177962289203
"335","Ito5","Ito",23,0.00770961993947265,5.35390273574489,93,14.8,1350,2,"Intermittent",1.67782577828109,-4.86528638711314
"336","Ito5","Ito",24,0.0084020886432417,5.83478378002896,94,14.8,1350,2,"Intermittent",1.76383720935853,-4.7792749560357
"337","Ito7","Ito",20,0.0115089087637612,7.99229775261197,1,41.2,2880,2,"Intermittent",2.07847829698508,-4.46463386840915
"338","Ito7","Ito",19,0.00496006672835227,3.44449078357796,2,41.2,2880,2,"Intermittent",1.23677608035526,-5.30633608503897
"339","Ito7","Ito",18,0.00516253384300379,3.58509294653041,3,41.2,2880,2,"Intermittent",1.27678440022328,-5.26632776517094
"340","Ito7","Ito",18,0.00557074043760805,3.86856974833892,4,41.2,2880,2,"Intermittent",1.35288486465973,-5.1902273007345
"341","Ito7","Ito",18,0.00528902334790949,3.6729328804927,5,41.2,2880,2,"Intermittent",1.30099049291415,-5.24212167248008
"342","Ito7","Ito",19,0.00569492250544244,3.95480729544614,6,41.2,2880,2,"Intermittent",1.37493187574586,-5.16818028964837
"343","Ito7","Ito",19,0.00501515154425313,3.48274412795356,7,41.2,2880,2,"Intermittent",1.24782052556547,-5.29529163982876
"344","Ito7","Ito",20,0.00529816918939183,3.67928415929988,8,41.2,2880,2,"Intermittent",1.30271821132961,-5.24039395406461
"345","Ito7","Ito",20,0.00559624810559567,3.88628340666366,9,41.2,2880,2,"Intermittent",1.3574532784719,-5.18565888692233
"346","Ito7","Ito",21,0.00490997436720553,3.40970442167051,10,41.2,2880,2,"Intermittent",1.22662560767649,-5.31648655771774
"347","Ito7","Ito",21,0.00995336055053047,6.91205593786838,11,41.2,2880,2,"Intermittent",1.93326712433191,-4.60984504106232
"348","Ito7","Ito",22,0.00878751748193267,6.10244269578657,12,41.2,2880,2,"Intermittent",1.80868913295602,-4.73442303243821
"349","Ito7","Ito",20,0.0045136405851679,3.13447262858882,14,41.2,2880,2,"Intermittent",1.14246093938839,-5.40065122600584
"350","Ito7","Ito",21,0.00683156600673857,4.74414306023512,18,41.2,2880,2,"Intermittent",1.55691081727681,-4.98620134811742
"351","Ito7","Ito",21,0.00770012727375723,5.34731060677585,20,41.2,2880,2,"Intermittent",1.67659374419451,-4.86651842119972
"352","Ito7","Ito",23,0.00716333350418262,4.97453715568238,30,41.2,2880,2,"Intermittent",1.60433233224893,-4.9387798331453
"353","Ito7","Ito",23,0.00561273579230476,3.89773318910053,31,41.2,2880,2,"Intermittent",1.36039515058992,-5.1827170148043
"354","Ito7","Ito",23,0.00386793578583046,2.68606651793782,32,41.2,2880,2,"Intermittent",0.988077862477138,-5.55503430291709
"355","Ito7","Ito",23,0.00742843704696832,5.15863683817244,34,41.2,2880,2,"Intermittent",1.64067236594339,-4.90243979945083
"356","Ito7","Ito",24,0.00749057003428673,5.20178474603245,35,41.2,2880,2,"Intermittent",1.64900178709159,-4.89411037830263
"357","Ito7","Ito",24,0.00554024031486635,3.84738910754608,36,41.2,2880,2,"Intermittent",1.3473947643652,-5.19571740102903
"358","Ito7","Ito",24,0.00681394557819453,4.73190665152398,38,41.2,2880,2,"Intermittent",1.55432821885562,-4.98878394653861
"359","Ito7","Ito",24,0.00720641964731299,5.0044580884118,39,41.2,2880,2,"Intermittent",1.61032913286153,-4.9327830325327
"360","Ito7","Ito",24,0.012614674561704,8.76019066785003,40,41.2,2880,2,"Intermittent",2.17021767044773,-4.37289449494649
"361","Ito7","Ito",24,0.00597202472099853,4.14723938958231,41,41.2,2880,2,"Intermittent",1.42244290556448,-5.12066925982975
"362","Ito7","Ito",24,0.00570369076631316,3.96089636549525,42,41.2,2880,2,"Intermittent",1.37647035457502,-5.16664181081921
"363","Ito7","Ito",24,0.00725508559281565,5.03825388389976,43,41.2,2880,2,"Intermittent",1.61705957044786,-4.92605259494636
"364","Ito7","Ito",21,0.00703705376628356,4.88684289325247,44,41.2,2880,2,"Intermittent",1.5865464698794,-4.95656569551483
"365","Ito7","Ito",19,0.00560283478959899,3.89085749277707,45,41.2,2880,2,"Intermittent",1.3586295684993,-5.18448259689493
"366","Ito7","Ito",19,0.00471866685729855,3.2768519842351,46,41.2,2880,2,"Intermittent",1.18688320062672,-5.35622896476751
"367","Ito7","Ito",20,0.00505479750847724,3.51027604755364,47,41.2,2880,2,"Intermittent",1.25569468041202,-5.28741748498221
"368","Ito7","Ito",20,0.00512330741279267,3.55785236999491,48,41.2,2880,2,"Intermittent",1.26915709596991,-5.27395506942432
"369","Ito7","Ito",20,0.00509054180638094,3.53509847665343,49,41.2,2880,2,"Intermittent",1.26274115657111,-5.28037100882312
"370","Ito7","Ito",21,0.0135298041041606,9.39569729455595,50,41.2,2880,2,"Intermittent",2.24025184986178,-4.30286031553245
"371","Ito7","Ito",21,0.00664004872982518,4.61114495126749,51,41.2,2880,2,"Intermittent",1.5284761887026,-5.01463597669163
"372","Ito7","Ito",21,0.00571917157139119,3.97164692457721,52,41.2,2880,2,"Intermittent",1.37918085113853,-5.1639313142557
"373","Ito7","Ito",22,0.00654607311092347,4.54588410480796,53,41.2,2880,2,"Intermittent",1.51422223122239,-5.02888993417183
"374","Ito7","Ito",22,0.00591328995918493,4.10645136054509,54,41.2,2880,2,"Intermittent",1.41255923962415,-5.13055292577008
"375","Ito7","Ito",20,0.00693309323787348,4.81464808185658,55,41.2,2880,2,"Intermittent",1.57166295469879,-4.97144921069544
"376","Ito7","Ito",19,0.00758895076032449,5.27010469466979,56,41.2,2880,2,"Intermittent",1.66205022851719,-4.88106193687704
"377","Ito7","Ito",15,0.00453298110316508,3.14790354386464,58,41.2,2880,2,"Intermittent",1.14673668963612,-5.39637547575811
"378","Ito7","Ito",14,0.00593426665983266,4.12101851377268,59,41.2,2880,2,"Intermittent",1.41610034489031,-5.12701182050392
"379","Ito7","Ito",14,0.00443199926624709,3.07777726822715,60,41.2,2880,2,"Intermittent",1.12420767029909,-5.41890449509513
"380","Ito7","Ito",15,0.00515019954302297,3.57652746043262,61,41.2,2880,2,"Intermittent",1.27439234655517,-5.26871981883905
"381","Ito7","Ito",16,0.00532464178560928,3.69766790667311,62,41.2,2880,2,"Intermittent",1.30770232543672,-5.23540983995751
"382","Ito7","Ito",16,0.00462737625607977,3.21345573338873,63,41.2,2880,2,"Intermittent",1.16734691053244,-5.37576525486179
"383","Ito7","Ito",17,0.00420691926829724,2.92147171409531,64,41.2,2880,2,"Intermittent",1.07208750098544,-5.47102466440879
"384","Ito7","Ito",17,0.00505991582343528,3.51383043294117,65,41.2,2880,2,"Intermittent",1.25670673388836,-5.28640543150586
"385","Ito7","Ito",18,0.00525583820748479,3.64988764408666,66,41.2,2880,2,"Intermittent",1.2946963846786,-5.24841578071563
"386","Ito7","Ito",18,0.0058159161147784,4.03883063526278,67,41.2,2880,2,"Intermittent",1.39595520335814,-5.14715696203609
"387","Ito7","Ito",18,0.00587779738168906,4.08180373728407,68,41.2,2880,2,"Intermittent",1.40653898319357,-5.13657318220066
"388","Ito7","Ito",19,0.0051593873379067,3.58290787354632,69,41.2,2880,2,"Intermittent",1.27617472589243,-5.2669374395018
"389","Ito7","Ito",19,0.00582363554061671,4.04419134765049,70,41.2,2880,2,"Intermittent",1.39728161647071,-5.14583054892352
"390","Ito7","Ito",19,0.00556289515156581,3.86312163303181,71,41.2,2880,2,"Intermittent",1.35147556986508,-5.19163659552915
"391","Ito7","Ito",20,0.00562414711745705,3.90565772045629,72,41.2,2880,2,"Intermittent",1.36242619944337,-5.18068596595086
"392","Ito7","Ito",20,0.00627778110963943,4.35957021502738,73,41.2,2880,2,"Intermittent",1.47237347796715,-5.07073868742708
"393","Ito7","Ito",20,0.00613765674931275,4.26226163146719,74,41.2,2880,2,"Intermittent",1.44979991880949,-5.09331224658474
"394","Ito7","Ito",21,0.0052664943714138,3.65728775792625,75,41.2,2880,2,"Intermittent",1.29672182295326,-5.24639034244097
"395","Ito7","Ito",21,0.00572441574655315,3.97528871288413,76,41.2,2880,2,"Intermittent",1.38009737764081,-5.16301478775341
"396","Ito7","Ito",21,0.00660531131355252,4.58702174552259,77,41.2,2880,2,"Intermittent",1.5232309562889,-5.01988120910532
"397","Ito7","Ito",21,0.00667189136140839,4.63325788986694,78,41.2,2880,2,"Intermittent",1.53326026857344,-5.00985189682079
"398","Ito7","Ito",21,0.00677270538472114,4.70326762827857,79,41.2,2880,2,"Intermittent",1.54825750720787,-4.99485465818636
"399","Ito7","Ito",22,0.00850491937080683,5.90619400750475,80,41.2,2880,2,"Intermittent",1.77600163200414,-4.76711053339009
"400","Ito7","Ito",22,0.00667075861957342,4.63247126359265,81,41.2,2880,2,"Intermittent",1.53309047594015,-5.01002168945408
"401","Ito7","Ito",22,0.00623188408862225,4.32769728376545,82,41.2,2880,2,"Intermittent",1.46503559542089,-5.07807656997333
"402","Ito7","Ito",22,0.00563652337083925,3.91425234086059,83,41.2,2880,2,"Intermittent",1.36462433824485,-5.17848782714938
"403","Ito7","Ito",22,0.0061782256883654,4.2904345058093,84,41.2,2880,2,"Intermittent",1.45638801121654,-5.08672415417769
"404","Ito7","Ito",22,0.00617319128020997,4.2869383890347,85,41.2,2880,2,"Intermittent",1.45557281593214,-5.08753934946209
"405","Ito7","Ito",22,0.00548079234523073,3.80610579529912,86,41.2,2880,2,"Intermittent",1.33660656546585,-5.20650559992838
"406","Ito7","Ito",23,0.0062669990855064,4.35208269826833,87,41.2,2880,2,"Intermittent",1.47065451173255,-5.07245765366168
"407","Ito7","Ito",23,0.00552467560298573,3.8365802798512,88,41.2,2880,2,"Intermittent",1.34458141770043,-5.1985307476938
"408","Ito7","Ito",23,0.00788044299252488,5.47252985592005,89,41.2,2880,2,"Intermittent",1.69974100602724,-4.84337115936699
"409","Ito7","Ito",23,0.00668716239947987,4.64386277741657,90,41.2,2880,2,"Intermittent",1.53554651503917,-5.00756565035505
"410","Ito7","Ito",23,0.00614139060202806,4.26485458474171,91,41.2,2880,2,"Intermittent",1.45040808534287,-5.09270408005136
"411","Ito7","Ito",23,0.00635807991971884,4.41533327758253,92,41.2,2880,2,"Intermittent",1.48508331876804,-5.05802884662619
"412","Ito7","Ito",23,0.00608299146742485,4.22429963015615,93,41.2,2880,2,"Intermittent",1.44085347905772,-5.10225868633651
"413","Ito7","Ito",24,0.00605215571747275,4.20288591491163,94,41.2,2880,2,"Intermittent",1.43577141192668,-5.10734075346755
"414","Ito8","Ito",22,0.00725945072461645,5.04128522542809,1,3.8,350,3,"Intermittent",1.61766105462027,-4.92545111077395
"415","Ito8","Ito",22,0.00798216200406539,5.54316805837874,2,3.8,350,3,"Intermittent",1.71256618900723,-4.83054597638699
"416","Ito8","Ito",22,0.00743534695310095,5.16343538409788,3,3.8,350,3,"Intermittent",1.64160213007753,-4.9015100353167
"417","Ito8","Ito",22,0.01061126336263,7.36893289071527,4,3.8,350,3,"Intermittent",1.9972729047703,-4.54583926062393
"418","Ito8","Ito",22,0.0113899164972727,7.90966423421713,5,3.8,350,3,"Intermittent",2.06808533261276,-4.47502683278147
"419","Ito8","Ito",22,0.0109052897734751,7.57311789824658,6,3.8,350,3,"Intermittent",2.02460485824589,-4.51850730714834
"420","Ito8","Ito",22,0.00615117181673273,4.27164709495329,7,3.8,350,3,"Intermittent",1.45199948938634,-5.09111267600788
"421","Ito8","Ito",22,0.00603608195258914,4.1917235781869,8,3.8,350,3,"Intermittent",1.43311200452657,-5.11000016086766
"422","Ito8","Ito",22,0.0060140258258873,4.17640682353284,9,3.8,350,3,"Intermittent",1.42945126526374,-5.11366090013049
"423","Ito8","Ito",22,0.00670334888346184,4.65510339129294,10,3.8,350,3,"Intermittent",1.53796412128644,-5.00514804410778
"424","Ito8","Ito",22,0.00632983197086898,4.39571664643679,11,3.8,350,3,"Intermittent",1.48063057732944,-5.06248158806479
"425","Ito8","Ito",22,0.00609583802518241,4.23322085082112,12,3.8,350,3,"Intermittent",1.44296313377125,-5.10014903162298
"426","Ito8","Ito",22,0.00861338734443777,5.9815189891929,13,3.8,350,3,"Intermittent",1.78867454727778,-4.75443761811645
"427","Ito8","Ito",22,0.00863140813968789,5.99403343033881,14,3.8,350,3,"Intermittent",1.79076454617935,-4.75234761921487
"428","Ito8","Ito",22,0.0104032503180709,7.22447938754922,15,3.8,350,3,"Intermittent",1.97747517431565,-4.56563699107858
"429","Ito8","Ito",22,0.00961177256840357,6.67484206139137,16,3.8,350,3,"Intermittent",1.89834554279161,-4.64476662260262
"430","Ito8","Ito",22,0.0123069317500475,8.54648038197744,17,3.8,350,3,"Intermittent",2.14551954696633,-4.3975926184279
"431","Ito8","Ito",22,0.00756215586200846,5.25149712639476,18,3.8,350,3,"Intermittent",1.65851320288351,-4.88459896251072
"432","Ito8","Ito",22,0.00806635117942118,5.60163276348693,19,3.8,350,3,"Intermittent",1.7230581201527,-4.82005404524153
"433","Ito8","Ito",22,0.00705773943054361,4.90120793787751,20,3.8,350,3,"Intermittent",1.58948169267021,-4.95363047272402
"434","Ito8","Ito",22,0.00951785437475318,6.6096210935786,21,3.8,350,3,"Intermittent",1.88852632901006,-4.65458583638417
"435","Ito8","Ito",22,0.00683386145274265,4.74573711996017,22,3.8,350,3,"Intermittent",1.55724676666917,-4.98586539872506
"436","Ito8","Ito",22,0.00771500095055645,5.35763954899754,23,3.8,350,3,"Intermittent",1.67852349543608,-4.86458866995815
"437","Ito8","Ito",22,0.0104713534461327,7.27177322648104,24,3.8,350,3,"Intermittent",1.98400017191163,-4.5591119934826
"438","Ito8","Ito",22,0.0100712475687691,6.99392192275632,25,3.8,350,3,"Intermittent",1.94504147511824,-4.59807069027599
"439","Ito8","Ito",22,0.00635288311080565,4.41172438250392,26,3.8,350,3,"Intermittent",1.48426562947255,-5.05884653592168
"440","Ito8","Ito",22,0.00638461297728903,4.43375901200627,27,3.8,350,3,"Intermittent",1.48924775969597,-5.05386440569826
"441","Ito8","Ito",22,0.00751290270689224,5.21729354645294,28,3.8,350,3,"Intermittent",1.6519787897475,-4.89113337564672
"442","Ito8","Ito",21,0.00742965326625815,5.15948143490149,29,3.8,350,3,"Intermittent",1.64083607733118,-4.90227608806304
"443","Ito8","Ito",21,0.00700544595721028,4.86489302584047,30,3.8,350,3,"Intermittent",1.58204472687422,-4.96106743852001
"444","Ito8","Ito",21,0.00726088796595544,5.04228330969127,31,3.8,350,3,"Intermittent",1.61785901712987,-4.92525314826436
"445","Ito8","Ito",21,0.00576670975855856,4.00465955455455,32,3.8,350,3,"Intermittent",1.3874585718022,-5.15565359359202
"446","Ito8","Ito",21,0.00728996446381302,5.06247532209238,33,3.8,350,3,"Intermittent",1.62185555777236,-4.92125660762187
"447","Ito8","Ito",21,0.00735359003231883,5.10665974466585,34,3.8,350,3,"Intermittent",1.63054552016023,-4.912566645234
"448","Ito8","Ito",21,0.00732584021877415,5.08738904081538,35,3.8,350,3,"Intermittent",1.62676474037173,-4.9163474250225
"449","Ito8","Ito",21,0.00968479548412574,6.72555241953176,36,3.8,350,3,"Intermittent",1.90591406628255,-4.63719809911168
"450","Ito8","Ito",21,0.0102741197116158,7.13480535528875,37,3.8,350,3,"Intermittent",1.96498497028882,-4.57812719510541
"451","Ito8","Ito",21,0.010203307936415,7.08563051139934,38,3.8,350,3,"Intermittent",1.95806886161768,-4.58504330377655
"452","Ito8","Ito",21,0.0097634015296646,6.78013995115597,39,3.8,350,3,"Intermittent",1.91399774350268,-4.62911442189154
"453","Ito8","Ito",21,0.00988927070385041,6.86754909989612,40,3.8,350,3,"Intermittent",1.92680728856437,-4.61630487682986
"454","Ito8","Ito",21,0.00811344847252888,5.63433921703395,41,3.8,350,3,"Intermittent",1.72887987655791,-4.81423228883632
"455","Ito8","Ito",20,0.00958844503590175,6.65864238604288,42,3.8,350,3,"Intermittent",1.89591561783338,-4.64719654756084
"456","Ito8","Ito",20,0.00640418157090409,4.44734831312784,43,3.8,350,3,"Intermittent",1.49230803387793,-5.0508041315163
"457","Ito8","Ito",20,0.00550463432824915,3.8226627279508,44,3.8,350,3,"Intermittent",1.3409472289943,-5.20216493639993
"458","Ito9","Ito",22,0.00996028492763141,6.91686453307737,1,19.8,1350,3,"Intermittent",1.93396256479133,-4.6091496006029
"459","Ito9","Ito",22,0.0111714895551795,7.75797885776353,2,19.8,1350,3,"Intermittent",2.04872184379668,-4.49439032159755
"460","Ito9","Ito",22,0.0107104796786985,7.43783311020733,3,19.8,1350,3,"Intermittent",2.00657955779583,-4.53653260759839
"461","Ito9","Ito",22,0.00923603374674777,6.41391232413039,4,19.8,1350,3,"Intermittent",1.85846943172484,-4.68464273366939
"462","Ito9","Ito",22,0.0108227654146353,7.51580931571897,5,19.8,1350,3,"Intermittent",2.0170087107822,-4.52610345461203
"463","Ito9","Ito",22,0.00966132006365402,6.70925004420418,6,19.8,1350,3,"Intermittent",1.90348717785258,-4.63962498754164
"464","Ito9","Ito",22,0.0112464149132334,7.81001035641211,7,19.8,1350,3,"Intermittent",2.0554062898958,-4.48770587549843
"465","Ito9","Ito",22,0.0130954467149966,9.09406021874763,8,19.8,1350,3,"Intermittent",2.20762147719172,-4.33549068820251
"466","Ito9","Ito",22,0.0091897527090858,6.38177271464292,9,19.8,1350,3,"Intermittent",1.85344591372186,-4.68966625167237
"467","Ito9","Ito",22,0.00761771148551357,5.29007742049554,10,19.8,1350,3,"Intermittent",1.66583288101747,-4.87727928437676
"468","Ito9","Ito",22,0.00669773775543711,4.6512067746091,11,19.8,1350,3,"Intermittent",1.53712670735072,-5.00598545804351
"469","Ito9","Ito",22,0.00852115335067819,5.91746760463763,12,19.8,1350,3,"Intermittent",1.77790858788956,-4.76520357750467
"470","Ito9","Ito",22,0.00811788224001611,5.63741822223341,13,19.8,1350,3,"Intermittent",1.7294261986896,-4.81368596670463
"471","Ito9","Ito",22,0.00944079971709311,6.556110914648,14,19.8,1350,3,"Intermittent",1.88039757877508,-4.66271458661915
"472","Ito9","Ito",22,0.00974659829750686,6.76847103993532,16,19.8,1350,3,"Intermittent",1.91227521798128,-4.63083694741295
"473","Ito9","Ito",22,0.0130028846396726,9.02978099977262,17,19.8,1350,3,"Intermittent",2.20052811461792,-4.34258405077631
"474","Ito9","Ito",22,0.00811043471671421,5.63224633105153,18,19.8,1350,3,"Intermittent",1.728508355657,-4.81460380973722
"475","Ito9","Ito",22,0.0082978913334512,5.76242453711889,19,19.8,1350,3,"Intermittent",1.7513583127262,-4.79175385266803
"476","Ito9","Ito",22,0.00848068301800994,5.88936320695135,20,19.8,1350,3,"Intermittent",1.77314787754901,-4.76996428784522
"477","Ito9","Ito",22,0.00651875167344457,4.52691088433651,22,19.8,1350,3,"Intermittent",1.5100397828915,-5.03307238250273
"478","Ito9","Ito",22,0.00830918537977714,5.77026762484524,23,19.8,1350,3,"Intermittent",1.75271846156662,-4.79039370382761
"479","Ito9","Ito",22,0.00766841193260749,5.32528606431076,24,19.8,1350,3,"Intermittent",1.67246643114989,-4.87064573424433
"480","Ito9","Ito",22,0.00805965242870484,5.59698085326725,25,19.8,1350,3,"Intermittent",1.72222731901133,-4.8208848463829
"481","Ito9","Ito",22,0.00851771603223116,5.91508057793831,26,19.8,1350,3,"Intermittent",1.7775051199814,-4.76560704541283
"482","Ito9","Ito",22,0.00828070474121588,5.75048940362214,27,19.8,1350,3,"Intermittent",1.74928496486071,-4.79382720053352
"483","Ito9","Ito",22,0.0156011291015181,10.8341174316098,28,19.8,1350,3,"Intermittent",2.38270017635084,-4.16041198904339
"484","Ito9","Ito",21,0.00679725630857049,4.72031688095173,29,19.8,1350,3,"Intermittent",1.55187593313882,-4.99123623225541
"485","Ito9","Ito",21,0.0068233226401273,4.7384185000884,30,19.8,1350,3,"Intermittent",1.55570343026314,-4.98740873513109
"486","Ito9","Ito",21,0.00685057566495745,4.75734421177601,31,19.8,1350,3,"Intermittent",1.55968957383509,-4.98342259155914
"487","Ito9","Ito",21,0.00944120892167009,6.55639508449311,32,19.8,1350,3,"Intermittent",1.88044092210628,-4.66267124328795
"488","Ito9","Ito",21,0.00949117280052538,6.59109222258707,33,19.8,1350,3,"Intermittent",1.88571907417222,-4.65739309122201
"489","Ito9","Ito",21,0.00799524362828056,5.55225251963928,38,19.8,1350,3,"Intermittent",1.71420370481416,-4.82890846058007
"490","Ito9","Ito",21,0.0084801101316022,5.88896536916819,39,19.8,1350,3,"Intermittent",1.77308032334881,-4.77003184204542
"491","Ito9","Ito",21,0.0120426860996741,8.36297645810702,40,19.8,1350,3,"Intermittent",2.12381439938969,-4.41929776600454
"492","Ito9","Ito",21,0.00740521154866247,5.1425080199045,41,19.8,1350,3,"Intermittent",1.63754090207793,-4.90557126331629
"493","Ito9","Ito",20,0.00830341559524109,5.76626083002853,42,19.8,1350,3,"Intermittent",1.75202383406347,-4.79108833133076
"494","Ito9","Ito",20,0.00888137613983684,6.16762231933114,43,19.8,1350,3,"Intermittent",1.8193134021118,-4.72379876328243
"495","Ito9","Ito",20,0.00880677814544435,6.11581815655858,44,19.8,1350,3,"Intermittent",1.81087855521122,-4.732233610183
"496","Ito9","Ito",18,0.00571687438429863,3.97005165576294,45,19.8,1350,3,"Intermittent",1.37877910614164,-5.16433305925259
"497","Ito10","Ito",22,0.0139277688246735,9.67206168380105,1,22.5,1350,3,"Intermittent",2.26924149085637,-4.27387067453786
"498","Ito10","Ito",22,0.00804830764101135,5.58910252848011,2,22.5,1350,3,"Intermittent",1.72081872481068,-4.82229344058355
"499","Ito10","Ito",22,0.00450596765768265,3.12914420672406,3,22.5,1350,3,"Intermittent",1.1407595507849,-5.40235261460933
"500","Ito10","Ito",22,0.00741928491247566,5.15228118921921,4,22.5,1350,3,"Intermittent",1.63943956596549,-4.90367259942874
"501","Ito10","Ito",22,0.00496153020283408,3.44550708530144,5,22.5,1350,3,"Intermittent",1.23707108820583,-5.3060410771884
"502","Ito10","Ito",22,0.00907826574048345,6.30435120866906,6,22.5,1350,3,"Intermittent",1.84124006303879,-4.70187210235544
"503","Ito10","Ito",22,0.00558299083078632,3.87707696582384,7,22.5,1350,3,"Intermittent",1.35508151039369,-5.18803065500054
"504","Ito10","Ito",22,0.00588522278410663,4.08696026674072,8,22.5,1350,3,"Intermittent",1.40780148267061,-5.13531068272362
"505","Ito10","Ito",22,0.00686743161989438,4.76904973603777,9,22.5,1350,3,"Intermittent",1.56214706829038,-4.98096509710384
"506","Ito10","Ito",22,0.00570783751041952,3.96377604890244,10,22.5,1350,3,"Intermittent",1.37719711863121,-5.16591504676301
"507","Ito10","Ito",22,0.00695565612670183,4.83031675465405,11,22.5,1350,3,"Intermittent",1.57491204618788,-4.96820011920635
"508","Ito10","Ito",22,0.00758028563489856,5.26408724645733,12,22.5,1350,3,"Intermittent",1.66090776806069,-4.88220439733354
"509","Ito10","Ito",22,0.0117205357043623,8.13926090580715,13,22.5,1350,3,"Intermittent",2.09669937807969,-4.44641278731454
"510","Ito10","Ito",22,0.00584795243123085,4.06107807724364,14,22.5,1350,3,"Intermittent",1.40144847463203,-5.14166369076219
"511","Ito10","Ito",22,0.0166025558210614,11.5295526535148,15,22.5,1350,3,"Intermittent",2.44491353504735,-4.09819863034687
"512","Ito10","Ito",22,0.00691089569324814,4.79923312031121,16,22.5,1350,3,"Intermittent",1.56845613854797,-4.97465602684626
"513","Ito10","Ito",22,0.00631046490691857,4.38226729647123,17,22.5,1350,3,"Intermittent",1.47756623805123,-5.065545927343
"514","Ito10","Ito",22,0.00534165179216448,3.70948041122534,18,22.5,1350,3,"Intermittent",1.31089181592864,-5.23222034946558
"515","Ito10","Ito",22,0.0133490520700194,9.2701750486246,19,22.5,1350,3,"Intermittent",2.22680226274625,-4.31630990264798
"516","Ito10","Ito",22,0.0132556781328146,9.20533203667682,20,22.5,1350,3,"Intermittent",2.21978288537363,-4.3233292800206
"517","Ito10","Ito",22,0.00644236954709642,4.47386774103918,21,22.5,1350,3,"Intermittent",1.49825330094998,-5.04485886444425
"518","Ito10","Ito",22,0.00860156532370098,5.97330925257012,24,22.5,1350,3,"Intermittent",1.78730108749278,-4.75581107790145
"519","Ito10","Ito",22,0.00622652559044173,4.32397610447342,25,22.5,1350,3,"Intermittent",1.4641753735067,-5.07893679188753
"520","Ito10","Ito",22,0.00654442189497082,4.54473742706307,26,22.5,1350,3,"Intermittent",1.51396995413728,-5.02914221125695
"521","Ito10","Ito",22,0.0089136640177827,6.19004445679354,27,22.5,1350,3,"Intermittent",1.82294226870521,-4.72016989668902
"522","Ito10","Ito",22,0.00977826418449568,6.79046123923311,28,22.5,1350,3,"Intermittent",1.91551886845838,-4.62759329693584
"523","Ito10","Ito",21,0.00650066974159491,4.51435398721869,29,22.5,1350,3,"Intermittent",1.50726209517417,-5.03585007022006
"524","Ito10","Ito",21,0.00605699049736042,4.20624340094474,30,22.5,1350,3,"Intermittent",1.43656994554066,-5.10654221985356
"525","Ito10","Ito",21,0.00529991619894413,3.68049736037787,31,22.5,1350,3,"Intermittent",1.30304789532519,-5.24006427006904
"526","Ito10","Ito",21,0.00555944028896913,3.86072242289523,32,22.5,1350,3,"Intermittent",1.35085432215568,-5.19225784323855
"527","Ito10","Ito",21,0.0098470432898027,6.83822450680743,33,22.5,1350,3,"Intermittent",1.92252812291088,-4.62058404248335
"528","Ito10","Ito",21,0.00488320844679076,3.39111697693803,34,22.5,1350,3,"Intermittent",1.22115935884401,-5.32195280655021
"529","Ito10","Ito",21,0.00597326724090023,4.14810225062516,36,22.5,1350,3,"Intermittent",1.42265094064812,-5.12046122474611
"530","Ito10","Ito",21,0.00502757254792993,3.49136982495134,37,22.5,1350,3,"Intermittent",1.25029415919242,-5.2928180062018
"531","Ito10","Ito",21,0.00523589041400388,3.63603500972492,38,22.5,1350,3,"Intermittent",1.29089380490609,-5.25221836048813
"532","Ito10","Ito",21,0.00642267207557652,4.46018894137258,39,22.5,1350,3,"Intermittent",1.49519112867112,-5.04792103672311
"533","Ito10","Ito",21,0.0105833398166157,7.34954153931645,40,22.5,1350,3,"Intermittent",1.9946379356761,-4.54847422971813
"534","Ito10","Ito",21,0.00542090980828009,3.7645207001945,41,22.5,1350,3,"Intermittent",1.3256205490828,-5.21749161631143
"535","Ito10","Ito",20,0.00715479144206722,4.96860516810223,42,22.5,1350,3,"Intermittent",1.60313915043764,-4.93997301495659
"536","Ito10","Ito",20,0.00625886257293692,4.3464323423173,43,22.5,1350,3,"Intermittent",1.46935535740118,-5.07375680799305
"537","Ito10","Ito",20,0.00798723467629891,5.5466907474298,44,22.5,1350,3,"Intermittent",1.71320148819927,-4.82991067719496
"538","Ito14","Ito",16,0.007315309,5.080075694,NA,3.4,582,1,"Static",1.62532616187308,-4.91778600343366
"539","Ito16","Ito",17,0.009113454,6.3287875,NA,2.3,362,1,"Static",1.84510866962513,-4.69800349576909
"540","Ito16","Ito",17,0.0060254,4.184305556,NA,2.3,362,2,"Static",1.4313407537328,-5.11177141176765
"541","Ito14","Ito",17,0.007148329,4.964117361,NA,3.4,582,2,"Static",1.60223550948835,-4.9408766558835
"542","Ito14","Ito",16,0.007996029,5.552797917,NA,3.4,582,3,"Static",1.7143019299171,-4.82881023553715
"543","Ito16","Ito",15,0.007628488,5.297561111,NA,2.3,362,3,"Static",1.66724654691256,-4.87586561846069
"544","Ito16","Ito",12,0.0071174,4.942638889,NA,2.3,362,4,"Static",1.59789937662886,-4.94521278878785
"545","Ito14","Ito",12,0.00667775,4.637326389,NA,3.4,582,4,"Static",1.53413799089856,-5.00897417451962
"546","Ito14","Ito",12,0.005495607,3.81639375,NA,3.4,582,5,"Static",1.33930593222521,-5.20380623316902
"547","Ito16","Ito",12,0.004428265,3.075184028,NA,2.3,362,5,"Static",1.12336474597182,-5.41974741949468
"548","Ito14","Ito",13,0.008945351,6.212049306,NA,3.4,582,6,"Static",1.82649084247323,-4.71662132299254
"549","Ito16","Ito",13,0.008322646,5.779615278,NA,2.3,362,6,"Static",1.75433711956936,-4.78877504586332
"550","Ito14","Ito",14,0.003914907,2.718685417,NA,3.4,582,7,"Static",1.00014846090604,-5.54296370461079
"551","Ito16","Ito",15,0.006001855,4.167954861,NA,2.3,362,7,"Static",1.42742547449799,-5.11568669086958
"552","Ito14","Ito",16,0.006208,4.311111111,NA,3.4,582,8,"Static",1.46119566926724,-5.08191649610122
"553","Ito16","Ito",16,0.006799304,4.721738889,NA,2.3,362,8,"Static",1.55217714043809,-4.99093502497967
"554","Ito14","Ito",17,0.006912552,4.800383333,NA,3.4,582,9,"Static",1.56869577576679,-4.974416389558
"555","Ito16","Ito",17,0.0069504,4.826666667,NA,2.3,362,9,"Static",1.57415609835852,-4.96895606710477
"556","Ito14","Ito",20,0.011927135,8.282732639,NA,3.4,582,10,"Static",2.11417294281436,-4.42893922259329
"557","Ito16","Ito",20,0.006874852,4.774202778,NA,2.3,362,10,"Static",1.56322700250683,-4.97988516293394
"558","Ito17","Ito",19,0.006896762,4.789418056,NA,2.7,372,1,"Static",1.56640891260164,-4.97670325288539
"559","Ito18","Ito",19,0.009830857,6.826984028,NA,1.5,374,1,"Static",1.9208829988992,-4.62222916652757
"560","Ito19","Ito",19,0.006947015,4.824315972,NA,4.7,384,1,"Static",1.57366895727985,-4.96944320806831
"561","Ito20","Ito",19,0.009961558,6.917748611,NA,2.2,376,1,"Static",1.93409037146212,-4.60902179391604
"562","Ito17","Ito",19,0.00722176,5.015111111,NA,2.7,372,2,"Static",1.61245557690127,-4.93065658847081
"563","Ito18","Ito",19,0.008133355,5.648163194,NA,1.5,374,2,"Static",1.73133039389533,-4.81178177142021
"564","Ito19","Ito",19,0.006894352,4.787744444,NA,4.7,384,2,"Static",1.56605941200226,-4.97705275329913
"565","Ito20","Ito",19,0.008318487,5.776727083,NA,2.2,376,2,"Static",1.75383727368908,-4.78927489164745
"566","Ito17","Ito",15,0.006731429,4.674603472,NA,2.7,372,3,"Static",1.5421443403198,-5.00096782502689
"567","Ito18","Ito",15,0.00816,5.666666667,NA,1.5,374,3,"Static",1.73460105544693,-4.80851111000612
"568","Ito19","Ito",15,0.007728458,5.366984722,NA,4.7,384,3,"Static",1.68026624653515,-4.86284591881767
"569","Ito20","Ito",15,0.010947611,7.602507639,NA,2.2,376,3,"Static",2.02847814536993,-4.51463402003891
"570","Ito18","Ito",15,0.006407483,4.449640972,NA,1.5,374,4,"Static",1.49282341247387,-5.05028875287042
"571","Ito19","Ito",15,0.005784511,4.017021528,NA,4.7,384,4,"Static",1.39054071458609,-5.15257145086346
"572","Ito20","Ito",15,0.009365818,6.504040278,NA,2.2,376,4,"Static",1.87242356503076,-4.67068860039763
"573","Ito17","Ito",15,0.005203934,3.613843056,NA,2.7,372,4,"Static",1.28477176455303,-5.25834040096419
"574","Ito17","Ito",16,0.005857524,4.067725,NA,2.7,372,5,"Static",1.40308387511465,-5.14002829027958
"575","Ito18","Ito",16,0.005269781,3.659570139,NA,1.5,374,5,"Static",1.29734569215502,-5.24576647326957
"576","Ito19","Ito",16,0.007316426,5.080851389,NA,4.7,384,5,"Static",1.62547884380755,-4.91763332160855
"577","Ito20","Ito",16,0.005262948,3.654825,NA,2.2,376,5,"Static",1.29604821243851,-5.24706395295571
"578","Ito17","Ito",17,0.006329905,4.395767361,NA,2.7,372,6,"Static",1.48064211453138,-5.06247005083757
"579","Ito18","Ito",17,0.009403429,6.530159028,NA,1.5,374,6,"Static",1.87643129643743,-4.66668086899082
"580","Ito19","Ito",17,0.00833788,5.790194444,NA,4.7,384,6,"Static",1.75616587374986,-4.78694629156761
"581","Ito20","Ito",17,0.006545455,4.545454861,NA,2.2,376,6,"Static",1.51412780204977,-5.02898436332001
"582","Ito17","Ito",19,0.008150486,5.660059722,NA,2.7,372,7,"Static",1.73343444374953,-4.80967772160544
"583","Ito18","Ito",19,0.010091935,7.008288194,NA,1.5,374,7,"Static",1.9470934763616,-4.59601868896921
"584","Ito19","Ito",19,0.007554437,5.246136806,NA,4.7,384,7,"Static",1.65749195925944,-4.88562020621951
"585","Ito20","Ito",19,0.009520536,6.611483333,NA,2.2,376,7,"Static",1.88880803610103,-4.65430412924278
"586","Ito17","Ito",20,0.008685511,6.031604861,NA,2.7,372,8,"Static",1.79701312143132,-4.74609904394448
"587","Ito18","Ito",20,0.009778111,6.790354861,NA,1.5,374,8,"Static",1.91550320250247,-4.62760896287539
"588","Ito19","Ito",20,0.008475679,5.885888194,NA,4.7,384,8,"Static",1.77255765438792,-4.7705545109308
"589","Ito20","Ito",20,0.008287347,5.755102083,NA,2.2,376,8,"Static",1.75008678015727,-4.79302538517903
"590","Ito21","Ito",17,0.006928483,4.811446528,NA,3.7,582,1,"Static",1.57099777237836,-4.97211439306206
"591","Ito22","Ito",17,0.006852045,4.758364583,NA,3,362,1,"Static",1.55990403420792,-4.98320813111626
"592","Ito21","Ito",17,0.00782094,5.431208333,NA,3.7,582,2,"Static",1.69216163828752,-4.85095052704533
"593","Ito22","Ito",17,0.007866589,5.462909028,NA,3,362,2,"Static",1.69798143688613,-4.84513072854878
"594","Ito21","Ito",17,0.008137514,5.651051389,NA,3.7,582,3,"Static",1.73184161439507,-4.81127055101882
"595","Ito22","Ito",17,0.007582255,5.265454861,NA,3,362,3,"Static",1.66116753520657,-4.88194463016655
"596","Ito21","Ito",19,0.008881502,6.167709722,NA,3.7,582,4,"Static",1.81932757322103,-4.72378459213717
"597","Ito22","Ito",19,0.007796923,5.414529861,NA,3,362,4,"Static",1.68908605507709,-4.85402611029661
"598","Ito21","Ito",19,0.007442409,5.168339583,NA,3.7,582,5,"Static",1.6425514731064,-4.90056069222333
"599","Ito22","Ito",19,0.007870306,5.465490278,NA,3,362,5,"Static",1.69845382995592,-4.84465833547897
